task_id	hash	native_id	name	status	exit	submit	duration	realtime	%cpu	peak_rss	peak_vmem	rchar	wchar	process	submit_time	realtime_seconds	duration_seconds	cpu_percent	cpu_time_seconds	peak_rss_GiB	peak_vmem_GiB	read_GiB	write_GiB	cpu_hours	wall_hours
1	64/e31a67	45477990	create_kmers_database (1)	COMPLETED	0	2025-03-08T16:13:39Z	26m 46s	23m 50s	1290.3%	19.3 GB	30.4 GB	762.6 GB	420.1 GB	kmc3	2025-03-08T16:13:39Z	1430	1606	1290.3	18451.29	19.3	30.4	762.6	420.1	5.125358333333334	0.3972222222222222
5	c6/b6dcd6	45487771	print_paths (1)	COMPLETED	0	2025-03-08T16:40:25Z	4.9s	78ms	55.7%	2 MB	7.1 MB	481.1 KB	1005 B	print_paths	2025-03-08T16:40:25Z	0.078	4.9	55.7	0.043446	0.001953125	0.00693359375	4.588127136230469e-4	9.359791874885559e-7	1.2068333333333333e-5	2.1666666666666667e-5
2	85/204a26	45477991	create_kmers_database (2)	COMPLETED	0	2025-03-08T16:13:39Z	27m 31s	24m 35s	1188.4%	18.9 GB	30.1 GB	762.4 GB	408.4 GB	kmc3	2025-03-08T16:13:39Z	1475	1651	1188.4	17528.9	18.9	30.1	762.4	408.4	4.869138888888889	0.4097222222222222
6	bf/b1da90	45488344	print_paths (2)	COMPLETED	0	2025-03-08T16:41:09Z	24.9s	62ms	50.7%	2 MB	7.1 MB	479.5 KB	1005 B	print_paths	2025-03-08T16:41:09Z	0.062	24.9	50.7	0.031434000000000004	0.001953125	0.00693359375	4.572868347167969e-4	9.359791874885559e-7	8.731666666666668e-6	1.7222222222222224e-5
3	47/805cdc	45477992	create_kmers_database (3)	COMPLETED	0	2025-03-08T16:13:39Z	29m 11s	22m 16s	1327.0%	15.4 GB	30 GB	764.2 GB	398.1 GB	kmc3	2025-03-08T16:13:39Z	1336	1751	1327	17728.72	15.4	30	764.2	398.1	4.924644444444445	0.3711111111111111
7	3c/fdd53f	45490007	print_paths (3)	COMPLETED	0	2025-03-08T16:42:50Z	14.9s	60ms	51.9%	2 MB	7.1 MB	479.5 KB	1005 B	print_paths	2025-03-08T16:42:50Z	0.06	14.9	51.9	0.031139999999999998	0.001953125	0.00693359375	4.572868347167969e-4	9.359791874885559e-7	8.649999999999998e-6	1.6666666666666667e-5
4	9d/866517	45477993	create_kmers_database (4)	COMPLETED	0	2025-03-08T16:13:39Z	38m 51s	31m 55s	1230.4%	28.2 GB	39.6 GB	757 GB	388.8 GB	kmc3	2025-03-08T16:13:39Z	1915	2331	1230.4	23562.16	28.2	39.6	757	388.8	6.545044444444445	0.5319444444444444
8	22/cd7b00	45495729	print_paths (4)	COMPLETED	0	2025-03-08T16:52:30Z	4.9s	55ms	54.9%	2 MB	7.1 MB	480 KB	1005 B	print_paths	2025-03-08T16:52:30Z	0.055	4.9	54.9	0.030195	0.001953125	0.00693359375	4.57763671875e-4	9.359791874885559e-7	8.3875e-6	1.5277777777777777e-5
9	7e/07f37f	45495768	sort_kmer_db (1)	COMPLETED	0	2025-03-08T16:52:35Z	29.8s	30ms	65.3%	0	0	376.6 KB	2.8 KB	sort_kmer_db	2025-03-08T16:52:35Z	0.03	29.8	65.3	0.01959	0	0	3.5915374755859377e-4	2.6702880859375e-6	5.4416666666666665e-6	8.333333333333334e-6
14	42/63fa84	45495810	FastKM (5)	COMPLETED	0	2025-03-08T16:53:05Z	1h 1m 15s	53m 44s	3423.9%	14.5 GB	17.6 GB	49.6 GB	3.6 GB	FastKM	2025-03-08T16:53:05Z	3224	3675	3423.9	110386.536	14.5	17.6	49.6	3.6	30.662926666666664	0.8955555555555555
17	b5/288fc9	45524143	trainRF (1)	COMPLETED	0	2025-03-08T17:54:20Z	4m 35s	3m 59s	97.7%	8.4 GB	8.7 GB	714.8 MB	500.5 MB	trainRF	2025-03-08T17:54:20Z	239	275	97.7	233.503	8.4	8.7	0.698046875	0.48876953125	0.06486194444444444	0.06638888888888889
13	73/f5254c	45495806	FastKM (4)	COMPLETED	0	2025-03-08T16:53:05Z	1h 7m 25s	59m 57s	3491.1%	14.6 GB	17.6 GB	49.9 GB	3.7 GB	FastKM	2025-03-08T16:53:05Z	3597	4045	3491.1	125574.867	14.6	17.6	49.9	3.7	34.8819075	0.9991666666666666
24	b8/2818b8	45525899	predictRF (7)	COMPLETED	0	2025-03-08T17:58:55Z	2m 5s	17.3s	94.8%	641.3 MB	917.9 MB	59.4 MB	27.3 MB	predictRF	2025-03-08T17:58:55Z	17.3	125	94.8	16.4004	0.62626953125	0.89638671875	0.0580078125	0.02666015625	0.004555666666666667	0.004805555555555556
21	59/19463a	45525901	predictRF (4)	COMPLETED	0	2025-03-08T17:58:55Z	2m 5s	18.9s	96.1%	720.8 MB	997.5 MB	66.4 MB	36.3 MB	predictRF	2025-03-08T17:58:55Z	18.9	125	96.1	18.162899999999997	0.70390625	0.97412109375	0.06484375	0.03544921875	0.005045249999999999	0.0052499999999999995
19	58/85d6a0	45525902	predictRF (2)	COMPLETED	0	2025-03-08T17:58:55Z	2m 5s	18.6s	96.0%	729.6 MB	1006.6 MB	66.3 MB	36.2 MB	predictRF	2025-03-08T17:58:55Z	18.6	125	96	17.856	0.7125	0.9830078125	0.06474609375	0.0353515625	0.004960000000000001	0.005166666666666667
20	a8/e52b73	45525898	predictRF (3)	COMPLETED	0	2025-03-08T17:58:55Z	2m 10s	20.9s	95.7%	730 MB	1006.6 MB	66.3 MB	36.3 MB	predictRF	2025-03-08T17:58:55Z	20.9	130	95.7	20.0013	0.712890625	0.9830078125	0.06474609375	0.03544921875	0.0055559166666666665	0.005805555555555555
23	b1/15b99d	45525897	predictRF (6)	COMPLETED	0	2025-03-08T17:58:55Z	2m 10s	20.7s	95.9%	730.5 MB	1005.9 MB	66.5 MB	36.4 MB	predictRF	2025-03-08T17:58:55Z	20.7	130	95.9	19.851300000000002	0.71337890625	0.98232421875	0.06494140625	0.035546875	0.005514250000000001	0.00575
18	07/51c2b1	45525903	predictRF (1)	COMPLETED	0	2025-03-08T17:58:55Z	2m 10s	18.8s	96.0%	728.9 MB	1004.9 MB	66.2 MB	36.2 MB	predictRF	2025-03-08T17:58:55Z	18.8	130	96	18.048000000000002	0.71181640625	0.98134765625	0.0646484375	0.0353515625	0.005013333333333334	0.005222222222222223
22	0e/23984e	45525900	predictRF (5)	COMPLETED	0	2025-03-08T17:58:55Z	2m 10s	20.8s	95.4%	730.3 MB	1005.9 MB	66.5 MB	36.5 MB	predictRF	2025-03-08T17:58:55Z	20.8	130	95.4	19.843200000000003	0.71318359375	0.98232421875	0.06494140625	0.03564453125	0.005512000000000001	0.005777777777777778
12	3d/93b1a5	45495808	FastKM (3)	COMPLETED	0	2025-03-08T16:53:05Z	1h 9m 20s	1h 1m 51s	3517.6%	15.2 GB	18.4 GB	50.8 GB	3.6 GB	FastKM	2025-03-08T16:53:05Z	3711	4160	3517.6	130538.136	15.2	18.4	50.8	3.6	36.26059333333333	1.0308333333333333
25	1f/d31da7	45527133	trainRF (2)	COMPLETED	0	2025-03-08T18:00:30Z	4m 25s	3m 55s	97.9%	8.5 GB	8.7 GB	744.9 MB	520.5 MB	trainRF	2025-03-08T18:00:30Z	235	265	97.9	230.065	8.5	8.7	0.72744140625	0.50830078125	0.06390694444444445	0.06527777777777778
26	d1/dedb41	45529231	trainRF (3)	COMPLETED	0	2025-03-08T18:02:25Z	3m 30s	2m 57s	97.6%	5.1 GB	5.3 GB	587.9 MB	416.3 MB	trainRF	2025-03-08T18:02:25Z	177	210	97.6	172.752	5.1	5.3	0.57412109375	0.40654296875	0.04798666666666667	0.049166666666666664
33	21/3a66e1	45530983	predictRF (14)	COMPLETED	0	2025-03-08T18:04:55Z	2m 55s	19.1s	95.0%	722.5 MB	998.3 MB	66.3 MB	36.4 MB	predictRF	2025-03-08T18:04:55Z	19.1	175	95	18.145000000000003	0.70556640625	0.97490234375	0.06474609375	0.035546875	0.005040277777777779	0.0053055555555555555
28	0c/b466f7	45530987	predictRF (9)	COMPLETED	0	2025-03-08T18:04:55Z	3m	18.5s	95.6%	722 MB	998.3 MB	66.1 MB	36.2 MB	predictRF	2025-03-08T18:04:55Z	18.5	180	95.6	17.686	0.705078125	0.97490234375	0.06455078125	0.0353515625	0.004912777777777778	0.005138888888888889
34	ed/85ac8f	45530990	predictRF (15)	COMPLETED	0	2025-03-08T18:04:55Z	3m 15s	5.7s	93.4%	454.2 MB	730.9 MB	41.2 MB	4.1 MB	predictRF	2025-03-08T18:04:55Z	5.7	195	93.4	5.3238	0.4435546875	0.71376953125	0.040234375	0.00400390625	0.0014788333333333335	0.0015833333333333333
27	54/05b948	45530985	predictRF (8)	COMPLETED	0	2025-03-08T18:04:55Z	3m 20s	19s	95.5%	723.2 MB	999.6 MB	66.1 MB	36.2 MB	predictRF	2025-03-08T18:04:55Z	19	200	95.5	18.145	0.70625	0.976171875	0.06455078125	0.0353515625	0.005040277777777778	0.005277777777777778
31	43/48bf14	45530989	predictRF (12)	COMPLETED	0	2025-03-08T18:04:55Z	3m 25s	19.7s	95.4%	723.1 MB	998.3 MB	66.3 MB	36.4 MB	predictRF	2025-03-08T18:04:55Z	19.7	205	95.4	18.7938	0.70615234375	0.97490234375	0.06474609375	0.035546875	0.0052205	0.005472222222222222
29	15/b43624	45530984	predictRF (10)	COMPLETED	0	2025-03-08T18:04:55Z	3m 25s	19.7s	95.5%	722.4 MB	998.3 MB	66.1 MB	36.2 MB	predictRF	2025-03-08T18:04:55Z	19.7	205	95.5	18.813499999999998	0.70546875	0.97490234375	0.06455078125	0.0353515625	0.005225972222222221	0.005472222222222222
32	e8/fff1de	45530988	predictRF (13)	COMPLETED	0	2025-03-08T18:04:55Z	3m 30s	19.8s	95.5%	723.1 MB	998.3 MB	66.3 MB	36.3 MB	predictRF	2025-03-08T18:04:55Z	19.8	210	95.5	18.909000000000002	0.70615234375	0.97490234375	0.06474609375	0.03544921875	0.005252500000000001	0.0055000000000000005
30	65/a4a0ed	45530986	predictRF (11)	COMPLETED	0	2025-03-08T18:04:55Z	3m 30s	19.8s	95.6%	721.4 MB	998.3 MB	66.2 MB	36.3 MB	predictRF	2025-03-08T18:04:55Z	19.8	210	95.6	18.9288	0.7044921875	0.97490234375	0.0646484375	0.03544921875	0.005258	0.0055000000000000005
40	da/bec9ca	45531769	predictRF (21)	COMPLETED	0	2025-03-08T18:05:55Z	2m 40s	4.9s	93.5%	406.6 MB	683.7 MB	40.3 MB	3.5 MB	predictRF	2025-03-08T18:05:55Z	4.9	160	93.5	4.5815	0.3970703125	0.66767578125	0.03935546875	0.00341796875	0.001272638888888889	0.0013611111111111111
36	92/903304	45531770	predictRF (17)	COMPLETED	0	2025-03-08T18:05:55Z	2m 55s	18.5s	95.4%	722.7 MB	999.2 MB	66.4 MB	37.6 MB	predictRF	2025-03-08T18:05:55Z	18.5	175	95.4	17.649	0.70576171875	0.97578125	0.06484375	0.03671875	0.004902500000000001	0.005138888888888889
39	e8/1cf6a8	45531771	predictRF (20)	COMPLETED	0	2025-03-08T18:05:55Z	3m	19.2s	95.1%	723.6 MB	999.2 MB	66.6 MB	37.9 MB	predictRF	2025-03-08T18:05:55Z	19.2	180	95.1	18.2592	0.706640625	0.97578125	0.0650390625	0.03701171875	0.005072	0.005333333333333333
35	2b/6d0f7a	45531773	predictRF (16)	COMPLETED	0	2025-03-08T18:05:55Z	3m	19.2s	95.3%	723.5 MB	999.9 MB	66.4 MB	37.7 MB	predictRF	2025-03-08T18:05:55Z	19.2	180	95.3	18.2976	0.70654296875	0.97646484375	0.06484375	0.03681640625	0.005082666666666667	0.005333333333333333
38	92/bdd7ac	45531772	predictRF (19)	COMPLETED	0	2025-03-08T18:05:55Z	3m	19.2s	95.2%	723 MB	999.2 MB	66.6 MB	37.9 MB	predictRF	2025-03-08T18:05:55Z	19.2	180	95.2	18.278399999999998	0.7060546875	0.97578125	0.0650390625	0.03701171875	0.005077333333333333	0.005333333333333333
37	0e/477d0a	45531774	predictRF (18)	COMPLETED	0	2025-03-08T18:05:55Z	3m	19s	95.3%	725.5 MB	1000.7 MB	66.5 MB	37.7 MB	predictRF	2025-03-08T18:05:55Z	19	180	95.3	18.107	0.70849609375	0.97724609375	0.06494140625	0.03681640625	0.005029722222222222	0.005277777777777778
15	da/11c9fe	45495811	FastKM (6)	COMPLETED	0	2025-03-08T16:53:05Z	2h 49m 45s	2h 42m 14s	4112.4%	12.2 GB	15.2 GB	65.4 GB	4.3 GB	FastKM	2025-03-08T16:53:05Z	9734	10185	4112.4	400301.01599999995	12.2	15.2	65.4	4.3	111.19472666666665	2.703888888888889
41	48/65e572	45579135	trainRF (4)	COMPLETED	0	2025-03-08T19:42:50Z	6m	5m 36s	97.4%	12.7 GB	13 GB	2.6 GB	1.8 GB	trainRF	2025-03-08T19:42:50Z	336	360	97.4	327.264	12.7	13	2.6	1.8	0.09090666666666666	0.09333333333333334
53	e0/dc886d	45579276	predictRF (33)	COMPLETED	0	2025-03-08T19:48:51Z	3m 19s	18s	95.7%	738.3 MB	1013.5 MB	66.9 MB	35.8 MB	predictRF	2025-03-08T19:48:51Z	18	199	95.7	17.226000000000003	0.72099609375	0.98974609375	0.06533203125	0.0349609375	0.004785000000000001	0.005
67	f1/e06d64	45579274	predictRF (47)	COMPLETED	0	2025-03-08T19:48:51Z	3m 24s	18.3s	95.6%	738.1 MB	1013.5 MB	66.5 MB	34.8 MB	predictRF	2025-03-08T19:48:51Z	18.3	204	95.6	17.4948	0.72080078125	0.98974609375	0.06494140625	0.033984375	0.004859666666666667	0.005083333333333334
45	e1/684095	45579275	predictRF (25)	COMPLETED	0	2025-03-08T19:48:51Z	3m 29s	18.6s	95.1%	738.3 MB	1013.6 MB	67 MB	36.1 MB	predictRF	2025-03-08T19:48:51Z	18.6	209	95.1	17.6886	0.72099609375	0.98984375	0.0654296875	0.03525390625	0.0049135	0.005166666666666667
46	4b/19b64b	45579273	predictRF (26)	COMPLETED	0	2025-03-08T19:48:51Z	3m 29s	18.6s	95.1%	737.9 MB	1013.6 MB	67.1 MB	36.1 MB	predictRF	2025-03-08T19:48:51Z	18.6	209	95.1	17.6886	0.72060546875	0.98984375	0.06552734375	0.03525390625	0.0049135	0.005166666666666667
57	70/4a4e06	45579283	predictRF (37)	COMPLETED	0	2025-03-08T19:48:51Z	3m 29s	18.8s	95.1%	737.9 MB	1013.6 MB	66.8 MB	35.5 MB	predictRF	2025-03-08T19:48:51Z	18.8	209	95.1	17.8788	0.72060546875	0.98984375	0.065234375	0.03466796875	0.004966333333333333	0.005222222222222223
62	38/f5fe10	45579277	predictRF (42)	COMPLETED	0	2025-03-08T19:48:51Z	3m 34s	18.5s	95.2%	737.7 MB	1013.6 MB	66.7 MB	35.3 MB	predictRF	2025-03-08T19:48:51Z	18.5	214	95.2	17.612000000000002	0.72041015625	0.98984375	0.06513671875	0.03447265625	0.004892222222222223	0.005138888888888889
65	a9/4f701d	45579278	predictRF (45)	COMPLETED	0	2025-03-08T19:48:51Z	3m 34s	18.6s	95.1%	737.7 MB	1013.6 MB	66.6 MB	35 MB	predictRF	2025-03-08T19:48:51Z	18.6	214	95.1	17.6886	0.72041015625	0.98984375	0.0650390625	0.0341796875	0.0049135	0.005166666666666667
60	d4/ed0992	45579279	predictRF (40)	COMPLETED	0	2025-03-08T19:48:51Z	3m 34s	19.3s	94.7%	737.2 MB	1013.6 MB	66.8 MB	35.5 MB	predictRF	2025-03-08T19:48:51Z	19.3	214	94.7	18.2771	0.719921875	0.98984375	0.065234375	0.03466796875	0.005076972222222222	0.005361111111111112
70	18/a46091	45579280	predictRF (50)	COMPLETED	0	2025-03-08T19:48:51Z	3m 34s	18.6s	95.0%	737.3 MB	1013.6 MB	66.2 MB	34.2 MB	predictRF	2025-03-08T19:48:51Z	18.6	214	95	17.67	0.72001953125	0.98984375	0.0646484375	0.0333984375	0.004908333333333334	0.005166666666666667
52	06/0a4847	45579281	predictRF (32)	COMPLETED	0	2025-03-08T19:48:51Z	3m 34s	19.1s	95.0%	738.1 MB	1013.6 MB	67 MB	35.9 MB	predictRF	2025-03-08T19:48:51Z	19.1	214	95	18.145000000000003	0.72080078125	0.98984375	0.0654296875	0.03505859375	0.005040277777777779	0.0053055555555555555
58	4a/10340a	45579282	predictRF (38)	COMPLETED	0	2025-03-08T19:48:51Z	3m 34s	19.1s	94.9%	737.8 MB	1013.6 MB	66.9 MB	35.7 MB	predictRF	2025-03-08T19:48:51Z	19.1	214	94.9	18.1259	0.7205078125	0.98984375	0.06533203125	0.03486328125	0.005034972222222223	0.0053055555555555555
72	88/913d32	45579266	predictRF (52)	COMPLETED	0	2025-03-08T19:48:50Z	3m 59s	6.6s	93.7%	493.6 MB	770.3 MB	43.7 MB	6.7 MB	predictRF	2025-03-08T19:48:50Z	6.6	239	93.7	6.1842	0.48203125	0.75224609375	0.04267578125	0.00654296875	0.0017178333333333331	0.0018333333333333333
64	bd/ba3ceb	45579263	predictRF (44)	COMPLETED	0	2025-03-08T19:48:50Z	4m 9s	20.7s	95.7%	738.2 MB	1013.6 MB	66.7 MB	35.2 MB	predictRF	2025-03-08T19:48:50Z	20.7	249	95.7	19.8099	0.7208984375	0.98984375	0.06513671875	0.034375	0.00550275	0.00575
50	99/6b2dc7	45579269	predictRF (30)	COMPLETED	0	2025-03-08T19:48:51Z	4m 9s	23s	95.2%	737.8 MB	1013.6 MB	67 MB	36 MB	predictRF	2025-03-08T19:48:51Z	23	249	95.2	21.896	0.7205078125	0.98984375	0.0654296875	0.03515625	0.006082222222222222	0.006388888888888889
49	fb/f1e674	45579271	predictRF (29)	COMPLETED	0	2025-03-08T19:48:51Z	4m 9s	21.2s	95.4%	738.1 MB	1013.6 MB	67 MB	36 MB	predictRF	2025-03-08T19:48:51Z	21.2	249	95.4	20.224800000000002	0.72080078125	0.98984375	0.0654296875	0.03515625	0.005618000000000001	0.005888888888888889
51	c3/4dc571	45579272	predictRF (31)	COMPLETED	0	2025-03-08T19:48:51Z	4m 14s	19.6s	95.0%	737.4 MB	1013.5 MB	66.9 MB	35.8 MB	predictRF	2025-03-08T19:48:51Z	19.6	254	95	18.62	0.7201171875	0.98974609375	0.06533203125	0.0349609375	0.005172222222222222	0.0054444444444444445
44	60/366db6	45579257	predictRF (24)	COMPLETED	0	2025-03-08T19:48:50Z	4m 20s	25.7s	95.5%	737.7 MB	1013.6 MB	67 MB	36 MB	predictRF	2025-03-08T19:48:50Z	25.7	260	95.5	24.543499999999998	0.72041015625	0.98984375	0.0654296875	0.03515625	0.006817638888888889	0.007138888888888889
66	0e/eb2efd	45579265	predictRF (46)	COMPLETED	0	2025-03-08T19:48:50Z	4m 19s	27.6s	95.6%	737.6 MB	1013.6 MB	66.6 MB	34.9 MB	predictRF	2025-03-08T19:48:50Z	27.6	259	95.6	26.3856	0.7203125	0.98984375	0.0650390625	0.03408203125	0.0073293333333333335	0.007666666666666667
69	73/8d5b1c	45579270	predictRF (49)	COMPLETED	0	2025-03-08T19:48:51Z	4m 19s	27.7s	95.5%	738.1 MB	1013.6 MB	66.3 MB	34.2 MB	predictRF	2025-03-08T19:48:51Z	27.7	259	95.5	26.4535	0.72080078125	0.98984375	0.06474609375	0.0333984375	0.007348194444444444	0.007694444444444444
43	ad/b331b7	45579261	predictRF (23)	COMPLETED	0	2025-03-08T19:48:50Z	4m 25s	28.4s	95.2%	738.3 MB	1013.6 MB	67 MB	36 MB	predictRF	2025-03-08T19:48:50Z	28.4	265	95.2	27.0368	0.72099609375	0.98984375	0.0654296875	0.03515625	0.007510222222222222	0.007888888888888888
68	9f/fa1ddc	45579264	predictRF (48)	COMPLETED	0	2025-03-08T19:48:50Z	4m 24s	28.4s	95.7%	737.2 MB	1013.6 MB	66.6 MB	34.9 MB	predictRF	2025-03-08T19:48:50Z	28.4	264	95.7	27.178800000000003	0.719921875	0.98984375	0.0650390625	0.03408203125	0.007549666666666667	0.007888888888888888
59	10/d70875	45579267	predictRF (39)	COMPLETED	0	2025-03-08T19:48:50Z	4m 24s	28.8s	95.6%	737.4 MB	1013.6 MB	66.9 MB	35.9 MB	predictRF	2025-03-08T19:48:50Z	28.8	264	95.6	27.532799999999998	0.7201171875	0.98984375	0.06533203125	0.03505859375	0.007647999999999999	0.008
42	91/43f40a	45579262	predictRF (22)	COMPLETED	0	2025-03-08T19:48:50Z	4m 25s	28s	95.5%	738.3 MB	1013.6 MB	67 MB	35.9 MB	predictRF	2025-03-08T19:48:50Z	28	265	95.5	26.74	0.72099609375	0.98984375	0.0654296875	0.03505859375	0.007427777777777777	0.0077777777777777776
54	68/fbf662	45579268	predictRF (34)	COMPLETED	0	2025-03-08T19:48:51Z	4m 24s	29.1s	95.6%	737.8 MB	1013.6 MB	66.9 MB	35.8 MB	predictRF	2025-03-08T19:48:51Z	29.1	264	95.6	27.8196	0.7205078125	0.98984375	0.06533203125	0.0349609375	0.007727666666666667	0.008083333333333333
47	15/331cec	45579253	predictRF (27)	COMPLETED	0	2025-03-08T19:48:50Z	4m 30s	28.4s	95.3%	737.5 MB	1013.5 MB	67 MB	36 MB	predictRF	2025-03-08T19:48:50Z	28.4	270	95.3	27.0652	0.72021484375	0.98974609375	0.0654296875	0.03515625	0.007518111111111112	0.007888888888888888
55	1e/df17b5	45579255	predictRF (35)	COMPLETED	0	2025-03-08T19:48:50Z	4m 30s	28.5s	95.2%	738.2 MB	1013.6 MB	66.9 MB	35.7 MB	predictRF	2025-03-08T19:48:50Z	28.5	270	95.2	27.132	0.7208984375	0.98984375	0.06533203125	0.03486328125	0.007536666666666667	0.007916666666666667
71	ce/f4409d	45579254	predictRF (51)	COMPLETED	0	2025-03-08T19:48:50Z	4m 30s	27.4s	95.3%	737.1 MB	1013.6 MB	66.4 MB	34.2 MB	predictRF	2025-03-08T19:48:50Z	27.4	270	95.3	26.112199999999998	0.71982421875	0.98984375	0.06484375	0.0333984375	0.007253388888888888	0.007611111111111111
63	eb/7c88a1	45579256	predictRF (43)	COMPLETED	0	2025-03-08T19:48:50Z	4m 30s	28.2s	95.4%	736.9 MB	1013.5 MB	66.7 MB	35.3 MB	predictRF	2025-03-08T19:48:50Z	28.2	270	95.4	26.902800000000003	0.71962890625	0.98974609375	0.06513671875	0.03447265625	0.0074730000000000005	0.007833333333333333
56	5a/e60af1	45579259	predictRF (36)	COMPLETED	0	2025-03-08T19:48:50Z	4m 30s	28.5s	95.3%	736.8 MB	1013.6 MB	66.9 MB	35.7 MB	predictRF	2025-03-08T19:48:50Z	28.5	270	95.3	27.1605	0.71953125	0.98984375	0.06533203125	0.03486328125	0.007544583333333333	0.007916666666666667
61	29/279c24	45579258	predictRF (41)	COMPLETED	0	2025-03-08T19:48:50Z	4m 30s	28.1s	95.5%	737.5 MB	1013.6 MB	66.8 MB	35.4 MB	predictRF	2025-03-08T19:48:50Z	28.1	270	95.5	26.835500000000003	0.72021484375	0.98984375	0.065234375	0.0345703125	0.007454305555555556	0.007805555555555556
48	29/4c98ce	45579260	predictRF (28)	COMPLETED	0	2025-03-08T19:48:50Z	4m 30s	27.2s	94.8%	737.3 MB	1013.6 MB	67 MB	35.9 MB	predictRF	2025-03-08T19:48:50Z	27.2	270	94.8	25.7856	0.72001953125	0.98984375	0.0654296875	0.03505859375	0.007162666666666666	0.007555555555555555
16	c4/7de764	45495809	FastKM (7)	COMPLETED	0	2025-03-08T16:53:05Z	3h 3m 45s	2h 56m 13s	4136.4%	12.3 GB	15.2 GB	69.1 GB	4.4 GB	FastKM	2025-03-08T16:53:05Z	10573	11025	4136.4	437341.5719999999	12.3	15.2	69.1	4.4	121.48376999999998	2.9369444444444444
73	f3/7f9a8c	45579472	trainRF (5)	COMPLETED	0	2025-03-08T19:56:50Z	6m 10s	5m 45s	97.4%	12.8 GB	13.1 GB	2.8 GB	1.9 GB	trainRF	2025-03-08T19:56:50Z	345	370	97.4	336.03	12.8	13.1	2.8	1.9	0.09334166666666666	0.09583333333333334
95	18/52e9c0	45579631	predictRF (74)	COMPLETED	0	2025-03-08T20:03:00Z	1m 5s	18.6s	94.6%	725.5 MB	1002.2 MB	66.7 MB	35.4 MB	predictRF	2025-03-08T20:03:00Z	18.6	65	94.6	17.5956	0.70849609375	0.9787109375	0.06513671875	0.0345703125	0.004887666666666667	0.005166666666666667
104	b8/1f532e	45579632	predictRF (83)	COMPLETED	0	2025-03-08T20:03:00Z	2m 5s	18.2s	94.8%	725.6 MB	1002.2 MB	66.3 MB	34.7 MB	predictRF	2025-03-08T20:03:00Z	18.2	125	94.8	17.2536	0.70859375	0.9787109375	0.06474609375	0.03388671875	0.004792666666666666	0.005055555555555555
101	87/9f1223	45579633	predictRF (80)	COMPLETED	0	2025-03-08T20:03:00Z	3m 5s	18.8s	94.5%	725.5 MB	1002.2 MB	66.5 MB	34.8 MB	predictRF	2025-03-08T20:03:00Z	18.8	185	94.5	17.766000000000002	0.70849609375	0.9787109375	0.06494140625	0.033984375	0.004935	0.005222222222222223
85	7f/812150	45579634	predictRF (64)	COMPLETED	0	2025-03-08T20:03:00Z	4m 5s	18.7s	94.5%	726.4 MB	1002.2 MB	67 MB	35.8 MB	predictRF	2025-03-08T20:03:00Z	18.7	245	94.5	17.671499999999998	0.709375	0.9787109375	0.0654296875	0.0349609375	0.00490875	0.005194444444444444
90	91/15116f	45579635	predictRF (69)	COMPLETED	0	2025-03-08T20:03:00Z	5m 5s	18.8s	94.4%	725.8 MB	1002.2 MB	66.8 MB	35.6 MB	predictRF	2025-03-08T20:03:00Z	18.8	305	94.4	17.747200000000003	0.7087890625	0.9787109375	0.065234375	0.034765625	0.004929777777777779	0.005222222222222223
76	e1/85eb3d	45579636	predictRF (55)	COMPLETED	0	2025-03-08T20:03:00Z	6m 5s	18.8s	94.4%	725.5 MB	1002.2 MB	67 MB	36 MB	predictRF	2025-03-08T20:03:00Z	18.8	365	94.4	17.747200000000003	0.70849609375	0.9787109375	0.0654296875	0.03515625	0.004929777777777779	0.005222222222222223
80	07/868bca	45579637	predictRF (59)	COMPLETED	0	2025-03-08T20:03:00Z	7m 5s	18.8s	94.4%	726.6 MB	1002.2 MB	67 MB	35.9 MB	predictRF	2025-03-08T20:03:00Z	18.8	425	94.4	17.747200000000003	0.7095703125	0.9787109375	0.0654296875	0.03505859375	0.004929777777777779	0.005222222222222223
98	ea/f4a692	45579643	predictRF (77)	COMPLETED	0	2025-03-08T20:03:00Z	12m 19s	21.6s	95.7%	726.1 MB	1002.2 MB	66.7 MB	35.1 MB	predictRF	2025-03-08T20:03:00Z	21.6	739	95.7	20.671200000000002	0.70908203125	0.9787109375	0.06513671875	0.03427734375	0.005742000000000001	0.006
82	ca/1572f0	45579663	predictRF (61)	COMPLETED	0	2025-03-08T20:03:01Z	12m 18s	19.4s	95.8%	726.4 MB	1002.2 MB	67 MB	35.9 MB	predictRF	2025-03-08T20:03:01Z	19.4	738	95.8	18.585199999999997	0.709375	0.9787109375	0.0654296875	0.03505859375	0.005162555555555555	0.005388888888888888
97	86/9c6256	45579659	predictRF (76)	COMPLETED	0	2025-03-08T20:03:01Z	12m 24s	19.6s	95.6%	725.6 MB	1002.1 MB	66.7 MB	35.2 MB	predictRF	2025-03-08T20:03:01Z	19.6	744	95.6	18.7376	0.70859375	0.97861328125	0.06513671875	0.034375	0.005204888888888889	0.0054444444444444445
87	2e/6c8fff	45579658	predictRF (66)	COMPLETED	0	2025-03-08T20:03:01Z	12m 24s	23.1s	96.2%	726 MB	1002.2 MB	66.9 MB	35.8 MB	predictRF	2025-03-08T20:03:01Z	23.1	744	96.2	22.2222	0.708984375	0.9787109375	0.06533203125	0.0349609375	0.006172833333333334	0.006416666666666667
84	61/883096	45579640	predictRF (63)	COMPLETED	0	2025-03-08T20:03:00Z	12m 30s	20.5s	95.3%	725.5 MB	1002.1 MB	66.9 MB	35.8 MB	predictRF	2025-03-08T20:03:00Z	20.5	750	95.3	19.5365	0.70849609375	0.97861328125	0.06533203125	0.0349609375	0.005426805555555555	0.005694444444444445
93	f2/a7ffbc	45579642	predictRF (72)	COMPLETED	0	2025-03-08T20:03:00Z	12m 29s	25.6s	95.6%	726.3 MB	1002.2 MB	66.8 MB	35.6 MB	predictRF	2025-03-08T20:03:00Z	25.6	749	95.6	24.4736	0.70927734375	0.9787109375	0.065234375	0.034765625	0.006798222222222223	0.0071111111111111115
102	d6/709780	45579655	predictRF (81)	COMPLETED	0	2025-03-08T20:03:01Z	12m 29s	23.8s	96.0%	726.9 MB	1002.2 MB	66.5 MB	34.6 MB	predictRF	2025-03-08T20:03:01Z	23.8	749	96	22.848000000000003	0.70986328125	0.9787109375	0.06494140625	0.0337890625	0.006346666666666667	0.006611111111111111
99	41/bf4210	45579647	predictRF (78)	COMPLETED	0	2025-03-08T20:03:01Z	12m 34s	26.6s	94.5%	725.1 MB	1002.2 MB	66.6 MB	35 MB	predictRF	2025-03-08T20:03:01Z	26.6	754	94.5	25.137000000000004	0.70810546875	0.9787109375	0.0650390625	0.0341796875	0.006982500000000001	0.007388888888888889
96	11/d3b5c8	45579653	predictRF (75)	COMPLETED	0	2025-03-08T20:03:01Z	12m 39s	25.9s	94.6%	726.3 MB	1002.2 MB	66.7 MB	35.2 MB	predictRF	2025-03-08T20:03:01Z	25.9	759	94.6	24.5014	0.70927734375	0.9787109375	0.06513671875	0.034375	0.006805944444444444	0.007194444444444444
86	ba/f6a7f9	45579638	predictRF (65)	COMPLETED	0	2025-03-08T20:03:00Z	12m 45s	30.7s	94.6%	726.3 MB	1002.2 MB	66.9 MB	35.8 MB	predictRF	2025-03-08T20:03:00Z	30.7	765	94.6	29.042199999999998	0.70927734375	0.9787109375	0.06533203125	0.0349609375	0.008067277777777777	0.008527777777777778
89	03/b64a4b	45579644	predictRF (68)	COMPLETED	0	2025-03-08T20:03:00Z	12m 44s	29.4s	94.4%	725.1 MB	1008 MB	66.9 MB	35.7 MB	predictRF	2025-03-08T20:03:00Z	29.4	764	94.4	27.753600000000002	0.70810546875	0.984375	0.06533203125	0.03486328125	0.007709333333333334	0.008166666666666666
100	e6/a72cb7	45579646	predictRF (79)	COMPLETED	0	2025-03-08T20:03:01Z	12m 44s	28.8s	96.2%	725.5 MB	1002.2 MB	66.6 MB	34.9 MB	predictRF	2025-03-08T20:03:01Z	28.8	764	96.2	27.7056	0.70849609375	0.9787109375	0.0650390625	0.03408203125	0.007696	0.008
103	14/d3e997	45579650	predictRF (82)	COMPLETED	0	2025-03-08T20:03:01Z	12m 44s	26.5s	96.0%	725.4 MB	1002.2 MB	66.5 MB	34.6 MB	predictRF	2025-03-08T20:03:01Z	26.5	764	96	25.44	0.7083984375	0.9787109375	0.06494140625	0.0337890625	0.007066666666666667	0.007361111111111111
106	b2/ccb3de	45579662	predictRF (85)	COMPLETED	0	2025-03-08T20:03:01Z	12m 43s	21.6s	94.4%	688.7 MB	964.4 MB	57.1 MB	23.3 MB	predictRF	2025-03-08T20:03:01Z	21.6	763	94.4	20.390400000000003	0.67255859375	0.941796875	0.05576171875	0.02275390625	0.005664000000000001	0.006
94	c2/e624ca	45579639	predictRF (73)	COMPLETED	0	2025-03-08T20:03:00Z	12m 50s	28.9s	95.7%	725.3 MB	1002.2 MB	66.8 MB	35.4 MB	predictRF	2025-03-08T20:03:00Z	28.9	770	95.7	27.6573	0.70830078125	0.9787109375	0.065234375	0.0345703125	0.007682583333333333	0.008027777777777778
105	13/8bf242	45579641	predictRF (84)	COMPLETED	0	2025-03-08T20:03:00Z	12m 50s	28.3s	95.1%	725.7 MB	1002.2 MB	66 MB	33.3 MB	predictRF	2025-03-08T20:03:00Z	28.3	770	95.1	26.9133	0.70869140625	0.9787109375	0.064453125	0.03251953125	0.007475916666666666	0.007861111111111112
91	db/5cb44e	45579645	predictRF (70)	COMPLETED	0	2025-03-08T20:03:01Z	12m 49s	29s	95.9%	726.2 MB	1002.2 MB	66.8 MB	35.5 MB	predictRF	2025-03-08T20:03:01Z	29	769	95.9	27.811000000000003	0.7091796875	0.9787109375	0.065234375	0.03466796875	0.007725277777777779	0.008055555555555555
77	ea/ac1f31	45579648	predictRF (56)	COMPLETED	0	2025-03-08T20:03:01Z	12m 49s	29.1s	95.8%	726.2 MB	1002.2 MB	67 MB	36 MB	predictRF	2025-03-08T20:03:01Z	29.1	769	95.8	27.8778	0.7091796875	0.9787109375	0.0654296875	0.03515625	0.0077438333333333335	0.008083333333333333
78	09/b870ab	45579649	predictRF (57)	COMPLETED	0	2025-03-08T20:03:01Z	12m 49s	29.4s	95.8%	725.9 MB	1002.1 MB	67 MB	36.1 MB	predictRF	2025-03-08T20:03:01Z	29.4	769	95.8	28.1652	0.70888671875	0.97861328125	0.0654296875	0.03525390625	0.007823666666666666	0.008166666666666666
79	67/d898c7	45579654	predictRF (58)	COMPLETED	0	2025-03-08T20:03:01Z	12m 49s	28.5s	95.9%	725.7 MB	1002.2 MB	67 MB	36.1 MB	predictRF	2025-03-08T20:03:01Z	28.5	769	95.9	27.331500000000002	0.70869140625	0.9787109375	0.0654296875	0.03525390625	0.0075920833333333335	0.007916666666666667
74	ca/72cf90	45579660	predictRF (53)	COMPLETED	0	2025-03-08T20:03:01Z	12m 49s	26.6s	95.5%	727 MB	1002.2 MB	67 MB	35.9 MB	predictRF	2025-03-08T20:03:01Z	26.6	769	95.5	25.403000000000002	0.7099609375	0.9787109375	0.0654296875	0.03505859375	0.00705638888888889	0.007388888888888889
92	a7/6d392f	45579656	predictRF (71)	COMPLETED	0	2025-03-08T20:03:01Z	12m 49s	28.3s	96.0%	725.6 MB	1002.2 MB	67 MB	36 MB	predictRF	2025-03-08T20:03:01Z	28.3	769	96	27.168000000000003	0.70859375	0.9787109375	0.0654296875	0.03515625	0.007546666666666668	0.007861111111111112
83	b9/f8080c	45579661	predictRF (62)	COMPLETED	0	2025-03-08T20:03:01Z	12m 49s	28s	96.0%	726.1 MB	1002.2 MB	67 MB	36 MB	predictRF	2025-03-08T20:03:01Z	28	769	96	26.88	0.70908203125	0.9787109375	0.0654296875	0.03515625	0.007466666666666667	0.0077777777777777776
88	0b/ff1a58	45579651	predictRF (67)	COMPLETED	0	2025-03-08T20:03:01Z	12m 54s	24.3s	95.5%	725.7 MB	1002.2 MB	66.9 MB	35.7 MB	predictRF	2025-03-08T20:03:01Z	24.3	774	95.5	23.206500000000002	0.70869140625	0.9787109375	0.06533203125	0.03486328125	0.006446250000000001	0.00675
75	d2/347a80	45579657	predictRF (54)	COMPLETED	0	2025-03-08T20:03:01Z	12m 54s	25.5s	95.7%	725.5 MB	1002.2 MB	67 MB	36 MB	predictRF	2025-03-08T20:03:01Z	25.5	774	95.7	24.403499999999998	0.70849609375	0.9787109375	0.0654296875	0.03515625	0.006778749999999999	0.007083333333333333
81	71/2b99d1	45579652	predictRF (60)	COMPLETED	0	2025-03-08T20:03:01Z	12m 54s	24.1s	95.5%	725.2 MB	1002.1 MB	66.9 MB	35.9 MB	predictRF	2025-03-08T20:03:01Z	24.1	774	95.5	23.015500000000003	0.708203125	0.97861328125	0.06533203125	0.03505859375	0.006393194444444445	0.006694444444444445
10	cd/12fd00	45495807	FastKM (1)	COMPLETED	0	2025-03-08T16:53:05Z	4h 6m 35s	3h 59m 5s	4081.4%	16.4 GB	19.3 GB	123.6 GB	4.2 GB	FastKM	2025-03-08T16:53:05Z	14345	14795	4081.4	585476.83	16.4	19.3	123.6	4.2	162.63245277777776	3.984722222222222
107	89/e807dd	45580928	trainRF (6)	COMPLETED	0	2025-03-08T20:59:40Z	11m 5s	10m 23s	97.3%	14.1 GB	14.4 GB	2.4 GB	1.6 GB	trainRF	2025-03-08T20:59:40Z	623	665	97.3	606.179	14.1	14.4	2.4	1.6	0.16838305555555555	0.17305555555555555
115	0b/c76dbd	45581190	predictRF (93)	COMPLETED	0	2025-03-08T21:10:45Z	1m 15s	26.9s	95.0%	694.3 MB	971.1 MB	65 MB	33.3 MB	predictRF	2025-03-08T21:10:45Z	26.9	75	95	25.555	0.67802734375	0.94833984375	0.0634765625	0.03251953125	0.007098611111111111	0.007472222222222222
126	c2/82697c	45581191	predictRF (104)	COMPLETED	0	2025-03-08T21:10:45Z	1m 50s	56.2s	95.5%	694.4 MB	970.7 MB	65 MB	34.6 MB	predictRF	2025-03-08T21:10:45Z	56.2	110	95.5	53.67100000000001	0.678125	0.94794921875	0.0634765625	0.0337890625	0.014908611111111112	0.015611111111111112
109	d5/4209e0	45581192	predictRF (87)	COMPLETED	0	2025-03-08T21:10:45Z	2m 15s	26.7s	95.1%	693.6 MB	970.7 MB	65 MB	32.7 MB	predictRF	2025-03-08T21:10:45Z	26.7	135	95.1	25.391699999999997	0.67734375	0.94794921875	0.0634765625	0.03193359375	0.007053249999999999	0.007416666666666667
122	f5/a76af2	45581193	predictRF (100)	COMPLETED	0	2025-03-08T21:10:45Z	3m 15s	26.8s	94.8%	694.8 MB	970.7 MB	64.9 MB	35.1 MB	predictRF	2025-03-08T21:10:45Z	26.8	195	94.8	25.406399999999998	0.678515625	0.94794921875	0.06337890625	0.03427734375	0.007057333333333333	0.0074444444444444445
108	4e/dc73a8	45581194	predictRF (86)	COMPLETED	0	2025-03-08T21:10:45Z	3m 55s	54.3s	95.3%	694.2 MB	970.7 MB	65 MB	32.7 MB	predictRF	2025-03-08T21:10:45Z	54.3	235	95.3	51.7479	0.6779296875	0.94794921875	0.0634765625	0.03193359375	0.014374416666666667	0.015083333333333332
127	83/58b080	45581195	predictRF (105)	COMPLETED	0	2025-03-08T21:10:45Z	4m 15s	26.5s	94.4%	694.8 MB	970.7 MB	64.9 MB	32.4 MB	predictRF	2025-03-08T21:10:45Z	26.5	255	94.4	25.016000000000005	0.678515625	0.94794921875	0.06337890625	0.031640625	0.006948888888888891	0.007361111111111111
124	bd/47884f	45581196	predictRF (102)	COMPLETED	0	2025-03-08T21:10:45Z	5m 15s	26.6s	95.0%	693.9 MB	970.7 MB	64.9 MB	35.1 MB	predictRF	2025-03-08T21:10:45Z	26.6	315	95	25.27	0.67763671875	0.94794921875	0.06337890625	0.03427734375	0.0070194444444444445	0.007388888888888889
118	1f/ce0be6	45581197	predictRF (96)	COMPLETED	0	2025-03-08T21:10:45Z	5m 55s	57.6s	95.4%	694.7 MB	970.7 MB	64.9 MB	34 MB	predictRF	2025-03-08T21:10:45Z	57.6	355	95.4	54.95040000000001	0.67841796875	0.94794921875	0.06337890625	0.033203125	0.015264000000000003	0.016
119	f3/e38365	45581198	predictRF (97)	COMPLETED	0	2025-03-08T21:10:45Z	6m 15s	26.5s	95.1%	695.1 MB	970.7 MB	65 MB	34.2 MB	predictRF	2025-03-08T21:10:45Z	26.5	375	95.1	25.201499999999996	0.67880859375	0.94794921875	0.0634765625	0.0333984375	0.007000416666666665	0.007361111111111111
110	83/9a4001	45581199	predictRF (88)	COMPLETED	0	2025-03-08T21:10:45Z	7m 15s	26.6s	95.1%	695.3 MB	970.7 MB	64.9 MB	32.8 MB	predictRF	2025-03-08T21:10:45Z	26.6	435	95.1	25.296599999999998	0.67900390625	0.94794921875	0.06337890625	0.03203125	0.007026833333333333	0.007388888888888889
125	2e/5fec66	45581200	predictRF (103)	COMPLETED	0	2025-03-08T21:10:45Z	7m 55s	56.2s	95.4%	694.2 MB	970.7 MB	65 MB	31.2 MB	predictRF	2025-03-08T21:10:45Z	56.2	475	95.4	53.6148	0.6779296875	0.94794921875	0.0634765625	0.03046875	0.014893	0.015611111111111112
117	86/30c919	45581201	predictRF (95)	COMPLETED	0	2025-03-08T21:10:45Z	8m 15s	26.6s	94.6%	694.8 MB	970.7 MB	65 MB	31.3 MB	predictRF	2025-03-08T21:10:45Z	26.6	495	94.6	25.163600000000002	0.678515625	0.94794921875	0.0634765625	0.03056640625	0.006989888888888889	0.007388888888888889
114	22/18eb78	45581202	predictRF (92)	COMPLETED	0	2025-03-08T21:10:45Z	9m 15s	26.8s	95.0%	694.2 MB	970.7 MB	65 MB	33.6 MB	predictRF	2025-03-08T21:10:45Z	26.8	555	95	25.46	0.6779296875	0.94794921875	0.0634765625	0.0328125	0.007072222222222223	0.0074444444444444445
120	9e/0558fb	45581203	predictRF (98)	COMPLETED	0	2025-03-08T21:10:46Z	9m 54s	55.6s	95.4%	693.7 MB	970.6 MB	65 MB	32.9 MB	predictRF	2025-03-08T21:10:46Z	55.6	594	95.4	53.04240000000001	0.67744140625	0.9478515625	0.0634765625	0.03212890625	0.014734000000000002	0.015444444444444445
111	6d/8b7fb1	45581204	predictRF (89)	COMPLETED	0	2025-03-08T21:10:46Z	10m 9s	27.1s	95.4%	695.4 MB	970.7 MB	65 MB	33.5 MB	predictRF	2025-03-08T21:10:46Z	27.1	609	95.4	25.8534	0.6791015625	0.94794921875	0.0634765625	0.03271484375	0.0071815	0.007527777777777778
134	6d/a8f73a	45581213	predictRF (112)	COMPLETED	0	2025-03-08T21:10:46Z	12m 54s	26.8s	96.1%	699.7 MB	975.9 MB	64.8 MB	33.7 MB	predictRF	2025-03-08T21:10:46Z	26.8	774	96.1	25.7548	0.68330078125	0.95302734375	0.06328125	0.03291015625	0.007154111111111111	0.0074444444444444445
133	25/1328b4	45581214	predictRF (111)	COMPLETED	0	2025-03-08T21:10:46Z	12m 59s	27.5s	95.9%	694.1 MB	970.5 MB	64.7 MB	32 MB	predictRF	2025-03-08T21:10:46Z	27.5	779	95.9	26.3725	0.67783203125	0.94775390625	0.06318359375	0.03125	0.007325694444444444	0.007638888888888889
121	dc/8beeee	45581206	predictRF (99)	COMPLETED	0	2025-03-08T21:10:46Z	13m 9s	27.6s	95.7%	694 MB	970.7 MB	64.9 MB	30.8 MB	predictRF	2025-03-08T21:10:46Z	27.6	789	95.7	26.413200000000003	0.677734375	0.94794921875	0.06337890625	0.030078125	0.007337000000000001	0.007666666666666667
135	65/0fa449	45581215	predictRF (113)	COMPLETED	0	2025-03-08T21:10:46Z	13m 9s	20.8s	95.1%	580.9 MB	857.6 MB	55.6 MB	22.3 MB	predictRF	2025-03-08T21:10:46Z	20.8	789	95.1	19.7808	0.56728515625	0.8375	0.054296875	0.02177734375	0.005494666666666667	0.005777777777777778
132	e4/9b1019	45581217	predictRF (110)	COMPLETED	0	2025-03-08T21:10:46Z	13m 14s	28.7s	96.1%	694.1 MB	970.7 MB	65 MB	33.9 MB	predictRF	2025-03-08T21:10:46Z	28.7	794	96.1	27.580699999999997	0.67783203125	0.94794921875	0.0634765625	0.03310546875	0.007661305555555555	0.007972222222222223
112	24/ccdfbc	45581205	predictRF (90)	COMPLETED	0	2025-03-08T21:10:46Z	13m 19s	31.8s	95.5%	694.8 MB	970.7 MB	65.1 MB	33.7 MB	predictRF	2025-03-08T21:10:46Z	31.8	799	95.5	30.369	0.678515625	0.94794921875	0.06357421875	0.03291015625	0.008435833333333333	0.008833333333333334
129	3b/1e1069	45581210	predictRF (107)	COMPLETED	0	2025-03-08T21:10:46Z	13m 19s	31.3s	95.2%	694.2 MB	970.7 MB	64.9 MB	33.7 MB	predictRF	2025-03-08T21:10:46Z	31.3	799	95.2	29.797600000000003	0.6779296875	0.94794921875	0.06337890625	0.03291015625	0.008277111111111112	0.008694444444444444
130	09/00a77d	45581216	predictRF (108)	COMPLETED	0	2025-03-08T21:10:46Z	13m 24s	29.2s	95.8%	693.9 MB	970.7 MB	65 MB	31.9 MB	predictRF	2025-03-08T21:10:46Z	29.2	804	95.8	27.973599999999998	0.67763671875	0.94794921875	0.0634765625	0.03115234375	0.0077704444444444435	0.00811111111111111
128	1d/2761a1	45581212	predictRF (106)	COMPLETED	0	2025-03-08T21:10:46Z	13m 24s	29.4s	95.4%	693.6 MB	970.7 MB	65 MB	33.4 MB	predictRF	2025-03-08T21:10:46Z	29.4	804	95.4	28.047600000000003	0.67734375	0.94794921875	0.0634765625	0.0326171875	0.007791000000000001	0.008166666666666666
123	35/4597be	45581209	predictRF (101)	COMPLETED	0	2025-03-08T21:10:46Z	13m 24s	31s	95.1%	693.9 MB	970.7 MB	65 MB	30.9 MB	predictRF	2025-03-08T21:10:46Z	31	804	95.1	29.480999999999998	0.67763671875	0.94794921875	0.0634765625	0.03017578125	0.008189166666666666	0.008611111111111111
116	9b/17d326	45581207	predictRF (94)	COMPLETED	0	2025-03-08T21:10:46Z	13m 29s	31.5s	95.4%	695.5 MB	970.7 MB	65 MB	33.3 MB	predictRF	2025-03-08T21:10:46Z	31.5	809	95.4	30.051000000000002	0.67919921875	0.94794921875	0.0634765625	0.03251953125	0.0083475	0.00875
113	37/01cb24	45581208	predictRF (91)	COMPLETED	0	2025-03-08T21:10:46Z	13m 29s	31.5s	95.0%	694.2 MB	970.7 MB	65.1 MB	33.3 MB	predictRF	2025-03-08T21:10:46Z	31.5	809	95	29.925	0.6779296875	0.94794921875	0.06357421875	0.03251953125	0.0083125	0.00875
131	cd/5bef7a	45581211	predictRF (109)	COMPLETED	0	2025-03-08T21:10:46Z	13m 29s	29.2s	95.5%	694.6 MB	970.7 MB	65 MB	33.7 MB	predictRF	2025-03-08T21:10:46Z	29.2	809	95.5	27.886	0.6783203125	0.94794921875	0.0634765625	0.03291015625	0.007746111111111111	0.00811111111111111
11	93/ecedf0	45495805	FastKM (2)	COMPLETED	0	2025-03-08T16:53:05Z	4h 51m 1s	4h 43m 32s	4073.4%	29.9 GB	32.9 GB	148.4 GB	4 GB	FastKM	2025-03-08T16:53:05Z	17012	17461	4073.4	692966.808	29.9	32.9	148.4	4	192.49078	4.725555555555555
136	bc/fbe100	45581923	trainRF (7)	COMPLETED	0	2025-03-08T21:44:05Z	5m 40s	4m 55s	97.0%	11.3 GB	11.5 GB	1.8 GB	1.2 GB	trainRF	2025-03-08T21:44:05Z	295	340	97	286.15	11.3	11.5	1.8	1.2	0.0794861111111111	0.08194444444444444
151	cd/14a020	45582028	predictRF (128)	COMPLETED	0	2025-03-08T21:49:45Z	4m 50s	19.8s	95.6%	762.9 MB	1 GB	70.2 MB	39.5 MB	predictRF	2025-03-08T21:49:45Z	19.8	290	95.6	18.9288	0.74501953125	1	0.0685546875	0.03857421875	0.005258	0.0055000000000000005
149	61/963c3d	45582027	predictRF (126)	COMPLETED	0	2025-03-08T21:49:45Z	5m 5s	23.4s	95.7%	752.1 MB	1 GB	70.5 MB	40.1 MB	predictRF	2025-03-08T21:49:45Z	23.4	305	95.7	22.393800000000002	0.73447265625	1	0.06884765625	0.03916015625	0.0062205	0.0065
147	af/6b9e57	45582031	predictRF (124)	COMPLETED	0	2025-03-08T21:49:45Z	5m 5s	23.5s	95.3%	752.2 MB	1 GB	70.2 MB	39.6 MB	predictRF	2025-03-08T21:49:45Z	23.5	305	95.3	22.3955	0.7345703125	1	0.0685546875	0.038671875	0.0062209722222222215	0.006527777777777778
138	74/dd6e7a	45582039	predictRF (115)	COMPLETED	0	2025-03-08T21:49:46Z	5m 4s	23.4s	94.6%	758.5 MB	1 GB	70.5 MB	40.1 MB	predictRF	2025-03-08T21:49:46Z	23.4	304	94.6	22.1364	0.74072265625	1	0.06884765625	0.03916015625	0.006149	0.0065
140	94/3d0278	45582040	predictRF (117)	COMPLETED	0	2025-03-08T21:49:46Z	5m 4s	24.7s	95.3%	756.8 MB	1 GB	70.3 MB	39.8 MB	predictRF	2025-03-08T21:49:46Z	24.7	304	95.3	23.539099999999998	0.7390625	1	0.06865234375	0.0388671875	0.006538638888888888	0.006861111111111111
145	6c/2d3f24	45582035	predictRF (122)	COMPLETED	0	2025-03-08T21:49:46Z	5m 9s	26.8s	94.7%	758.1 MB	1 GB	70.5 MB	40.1 MB	predictRF	2025-03-08T21:49:46Z	26.8	309	94.7	25.3796	0.74033203125	1	0.06884765625	0.03916015625	0.0070498888888888885	0.0074444444444444445
144	bb/e543e2	45582032	predictRF (121)	COMPLETED	0	2025-03-08T21:49:46Z	5m 15s	26.6s	95.5%	756.7 MB	1 GB	70.6 MB	40.2 MB	predictRF	2025-03-08T21:49:46Z	26.6	315	95.5	25.403000000000002	0.73896484375	1	0.0689453125	0.0392578125	0.00705638888888889	0.007388888888888889
154	f4/9563a9	45582033	predictRF (131)	COMPLETED	0	2025-03-08T21:49:46Z	5m 14s	27.2s	94.6%	738.5 MB	1015.3 MB	68.9 MB	38.1 MB	predictRF	2025-03-08T21:49:46Z	27.2	314	94.6	25.731199999999998	0.72119140625	0.99150390625	0.06728515625	0.03720703125	0.0071475555555555546	0.007555555555555555
148	53/ba3e04	45582034	predictRF (125)	COMPLETED	0	2025-03-08T21:49:46Z	5m 14s	27.9s	95.2%	752.1 MB	1 GB	70.4 MB	39.9 MB	predictRF	2025-03-08T21:49:46Z	27.9	314	95.2	26.5608	0.73447265625	1	0.06875	0.03896484375	0.007378	0.00775
137	4e/423b26	45582042	predictRF (114)	COMPLETED	0	2025-03-08T21:49:46Z	5m 14s	21.1s	95.4%	757.8 MB	1 GB	70.4 MB	40 MB	predictRF	2025-03-08T21:49:46Z	21.1	314	95.4	20.129400000000004	0.7400390625	1	0.06875	0.0390625	0.005591500000000001	0.005861111111111111
141	c2/b5c1b6	45582041	predictRF (118)	COMPLETED	0	2025-03-08T21:49:46Z	5m 14s	28.4s	95.3%	756.5 MB	1 GB	70.3 MB	39.7 MB	predictRF	2025-03-08T21:49:46Z	28.4	314	95.3	27.0652	0.73876953125	1	0.06865234375	0.03876953125	0.007518111111111112	0.007888888888888888
142	07/73cd26	45582029	predictRF (119)	COMPLETED	0	2025-03-08T21:49:45Z	5m 20s	27.2s	95.4%	758.2 MB	1 GB	70.4 MB	39.9 MB	predictRF	2025-03-08T21:49:45Z	27.2	320	95.4	25.948800000000002	0.7404296875	1	0.06875	0.03896484375	0.007208000000000001	0.007555555555555555
153	b0/d2980f	45582030	predictRF (130)	COMPLETED	0	2025-03-08T21:49:45Z	5m 20s	27.2s	95.5%	758.5 MB	1 GB	70.4 MB	39.8 MB	predictRF	2025-03-08T21:49:45Z	27.2	320	95.5	25.976	0.74072265625	1	0.06875	0.0388671875	0.007215555555555555	0.007555555555555555
150	99/7fa148	45582037	predictRF (127)	COMPLETED	0	2025-03-08T21:49:46Z	5m 19s	28.8s	94.7%	758.2 MB	1 GB	70.4 MB	39.9 MB	predictRF	2025-03-08T21:49:46Z	28.8	319	94.7	27.273600000000002	0.7404296875	1	0.06875	0.03896484375	0.007576	0.008
146	5f/526db3	45582026	predictRF (123)	COMPLETED	0	2025-03-08T21:49:45Z	5m 20s	26.3s	94.8%	758.6 MB	1 GB	70.5 MB	40.1 MB	predictRF	2025-03-08T21:49:45Z	26.3	320	94.8	24.932399999999998	0.7408203125	1	0.06884765625	0.03916015625	0.006925666666666666	0.007305555555555556
139	f6/e0b277	45582043	predictRF (116)	COMPLETED	0	2025-03-08T21:49:46Z	5m 19s	21.3s	95.5%	757.7 MB	1 GB	70.5 MB	40.2 MB	predictRF	2025-03-08T21:49:46Z	21.3	319	95.5	20.3415	0.73994140625	1	0.06884765625	0.0392578125	0.0056504166666666664	0.005916666666666667
152	eb/fb055f	45582036	predictRF (129)	COMPLETED	0	2025-03-08T21:49:46Z	5m 19s	27.6s	94.7%	751.8 MB	1 GB	70.4 MB	39.9 MB	predictRF	2025-03-08T21:49:46Z	27.6	319	94.7	26.137200000000004	0.7341796875	1	0.06875	0.03896484375	0.007260333333333334	0.007666666666666667
143	de/31b27b	45582038	predictRF (120)	COMPLETED	0	2025-03-08T21:49:46Z	5m 19s	27.6s	94.7%	758 MB	1 GB	70.5 MB	40.1 MB	predictRF	2025-03-08T21:49:46Z	27.6	319	94.7	26.137200000000004	0.740234375	1	0.06884765625	0.03916015625	0.007260333333333334	0.007666666666666667
157	f8/4964b0	45582197	setHaplotypes (3)	COMPLETED	0	2025-03-08T21:55:05Z	34.9s	2.3s	86.3%	22.4 MB	48.1 MB	475.3 MB	245.4 MB	setHaplotypes	2025-03-08T21:55:05Z	2.3	34.9	86.3	1.9848999999999999	0.021875	0.04697265625	0.46416015625	0.2396484375	5.513611111111111e-4	6.388888888888888e-4
155	fc/e87cf5	45582198	setHaplotypes (1)	COMPLETED	0	2025-03-08T21:55:05Z	34.8s	2.9s	87.9%	22.4 MB	54.4 MB	620.4 MB	325.3 MB	setHaplotypes	2025-03-08T21:55:05Z	2.9	34.8	87.9	2.5491	0.021875	0.053125	0.605859375	0.31767578125	7.080833333333334e-4	8.055555555555556e-4
156	e1/39a72e	45582196	setHaplotypes (2)	COMPLETED	0	2025-03-08T21:55:05Z	34.9s	3.1s	86.3%	22.4 MB	54.4 MB	653.3 MB	342.8 MB	setHaplotypes	2025-03-08T21:55:05Z	3.1	34.9	86.3	2.6752999999999996	0.021875	0.053125	0.63798828125	0.334765625	7.431388888888888e-4	8.611111111111111e-4
161	8f/45790e	45582199	setHaplotypes (7)	COMPLETED	0	2025-03-08T21:55:05Z	39.8s	8s	88.7%	22.4 MB	54.4 MB	1.7 GB	927.6 MB	setHaplotypes	2025-03-08T21:55:05Z	8	39.8	88.7	7.096	0.021875	0.053125	1.7	0.905859375	0.001971111111111111	0.0022222222222222222
160	42/6c5fce	45582200	setHaplotypes (6)	COMPLETED	0	2025-03-08T21:55:05Z	39.7s	11.1s	89.9%	22.4 MB	54.4 MB	2.5 GB	1.4 GB	setHaplotypes	2025-03-08T21:55:05Z	11.1	39.7	89.9	9.9789	0.021875	0.053125	2.5	1.4	0.0027719166666666665	0.0030833333333333333
158	61/cc80a0	45582202	setHaplotypes (4)	COMPLETED	0	2025-03-08T21:55:05Z	44.7s	12.5s	90.2%	22.4 MB	54.4 MB	2.8 GB	1.5 GB	setHaplotypes	2025-03-08T21:55:05Z	12.5	44.7	90.2	11.275	0.021875	0.053125	2.8	1.5	0.0031319444444444446	0.003472222222222222
159	b7/b7bf46	45582201	setHaplotypes (5)	COMPLETED	0	2025-03-08T21:55:05Z	44.7s	13.5s	89.9%	22.4 MB	54.4 MB	3.1 GB	1.7 GB	setHaplotypes	2025-03-08T21:55:05Z	13.5	44.7	89.9	12.136500000000002	0.021875	0.053125	3.1	1.7	0.0033712500000000005	0.00375
164	c1/b26e26	45582211	seqtk (3)	COMPLETED	0	2025-03-08T21:55:43Z	4m 42s	4m 18s	512.8%	40.9 MB	644.8 MB	29 GB	12.4 GB	seqtk	2025-03-08T21:55:43Z	258	282	512.8	1323.024	0.03994140625	0.6296875	29	12.4	0.36750666666666665	0.07166666666666667
167	36/3e9c69	45582215	seqtk (6)	COMPLETED	0	2025-03-08T21:55:43Z	5m 2s	4m 38s	597.8%	46.9 MB	655.2 MB	29.8 GB	14.7 GB	seqtk	2025-03-08T21:55:43Z	278	302	597.8	1661.884	0.04580078125	0.63984375	29.8	14.7	0.46163444444444446	0.07722222222222222
170	6d/07cb24	45582209	seqtk (9)	COMPLETED	0	2025-03-08T21:55:43Z	5m 22s	5m 1s	578.5%	53 MB	657.4 MB	30.7 GB	15.4 GB	seqtk	2025-03-08T21:55:43Z	301	322	578.5	1741.285	0.0517578125	0.6419921875	30.7	15.4	0.4836902777777778	0.08361111111111111
162	13/f8b134	45582208	seqtk (1)	COMPLETED	0	2025-03-08T21:55:43Z	6m 7s	5m 45s	735.1%	77.7 MB	682.3 MB	38.1 GB	26 GB	seqtk	2025-03-08T21:55:43Z	345	367	735.1	2536.095	0.07587890625	0.66630859375	38.1	26	0.7044708333333333	0.09583333333333334
163	cb/fe2df2	45582210	seqtk (2)	COMPLETED	0	2025-03-08T21:55:43Z	6m 7s	5m 46s	708.0%	63.4 MB	725.4 MB	37.5 GB	25 GB	seqtk	2025-03-08T21:55:43Z	346	367	708	2449.68	0.0619140625	0.7083984375	37.5	25	0.6804666666666667	0.0961111111111111
165	cf/c7cd25	45582207	seqtk (4)	COMPLETED	0	2025-03-08T21:55:43Z	6m 42s	6m 19s	725.5%	87.7 MB	692.8 MB	37.7 GB	26 GB	seqtk	2025-03-08T21:55:43Z	379	402	725.5	2749.645	0.08564453125	0.6765625	37.7	26	0.7637902777777777	0.10527777777777778
166	e4/133821	45582213	seqtk (5)	COMPLETED	0	2025-03-08T21:55:43Z	6m 57s	6m 33s	676.3%	87.5 MB	691.3 MB	37.1 GB	25.1 GB	seqtk	2025-03-08T21:55:43Z	393	417	676.3	2657.8589999999995	0.08544921875	0.67509765625	37.1	25.1	0.7382941666666665	0.10916666666666666
169	56/db394b	45582214	seqtk (8)	COMPLETED	0	2025-03-08T21:55:43Z	7m 17s	6m 52s	676.1%	91.7 MB	693.6 MB	38.3 GB	26.1 GB	seqtk	2025-03-08T21:55:43Z	412	437	676.1	2785.532	0.08955078125	0.67734375	38.3	26.1	0.7737588888888889	0.11444444444444445
168	f1/db7309	45582212	seqtk (7)	COMPLETED	0	2025-03-08T21:55:43Z	7m 52s	7m 25s	655.1%	89.7 MB	695.5 MB	39.1 GB	27.2 GB	seqtk	2025-03-08T21:55:43Z	445	472	655.1	2915.195	0.08759765625	0.67919921875	39.1	27.2	0.8097763888888889	0.12361111111111112
179	d5/78ec9b	45582228	seqtk (18)	COMPLETED	0	2025-03-08T21:55:50Z	14m 40s	14m 24s	648.5%	287.6 MB	894.5 MB	78.7 GB	52.1 GB	seqtk	2025-03-08T21:55:50Z	864	880	648.5	5603.04	0.280859375	0.87353515625	78.7	52.1	1.5564	0.24
182	b7/b1e24f	45582223	seqtk (21)	COMPLETED	0	2025-03-08T21:55:50Z	16m 40s	16m 24s	629.6%	299.7 MB	906.2 MB	86.2 GB	56.7 GB	seqtk	2025-03-08T21:55:50Z	984	1000	629.6	6195.264	0.29267578125	0.8849609375	86.2	56.7	1.7209066666666668	0.2733333333333333
178	1d/4f522a	45582225	seqtk (17)	COMPLETED	0	2025-03-08T21:55:50Z	20m 30s	20m 15s	689.6%	334.1 MB	936.9 MB	98.4 GB	76.3 GB	seqtk	2025-03-08T21:55:50Z	1215	1230	689.6	8378.64	0.32626953125	0.91494140625	98.4	76.3	2.3274	0.3375
177	ee/5ad128	45582227	seqtk (16)	COMPLETED	0	2025-03-08T21:55:50Z	20m 55s	20m 37s	691.1%	337.7 MB	944.2 MB	100.8 GB	79.2 GB	seqtk	2025-03-08T21:55:50Z	1237	1255	691.1	8548.907000000001	0.32978515625	0.9220703125	100.8	79.2	2.3746963888888892	0.3436111111111111
180	82/2f9817	45582226	seqtk (19)	COMPLETED	0	2025-03-08T21:55:50Z	23m 15s	23m 1s	687.3%	355.6 MB	961.6 MB	111 GB	87.2 GB	seqtk	2025-03-08T21:55:50Z	1381	1395	687.3	9491.613	0.347265625	0.9390625	111	87.2	2.6365591666666663	0.3836111111111111
181	16/be486d	45582224	seqtk (20)	COMPLETED	0	2025-03-08T21:55:50Z	23m 30s	23m 12s	657.5%	347.7 MB	953 MB	108.2 GB	83.7 GB	seqtk	2025-03-08T21:55:50Z	1392	1410	657.5	9152.4	0.33955078125	0.9306640625	108.2	83.7	2.542333333333333	0.38666666666666666
176	dc/787364	45582220	seqtk (15)	COMPLETED	0	2025-03-08T21:55:45Z	24m 15s	23m 50s	376.2%	380.1 MB	987.1 MB	122.4 GB	40.4 GB	seqtk	2025-03-08T21:55:45Z	1430	1455	376.2	5379.66	0.37119140625	0.96396484375	122.4	40.4	1.49435	0.3972222222222222
173	99/20d337	45582219	seqtk (12)	COMPLETED	0	2025-03-08T21:55:45Z	29m 55s	29m 31s	497.3%	178.9 MB	787.5 MB	172.6 GB	76.9 GB	seqtk	2025-03-08T21:55:45Z	1771	1795	497.3	8807.183	0.17470703125	0.76904296875	172.6	76.9	2.4464397222222223	0.49194444444444446
172	b0/4f5d08	45582216	seqtk (11)	COMPLETED	0	2025-03-08T21:55:45Z	45m 55s	45m 31s	667.6%	183 MB	789.3 MB	230 GB	158.7 GB	seqtk	2025-03-08T21:55:45Z	2731	2755	667.6	18232.156000000003	0.1787109375	0.77080078125	230	158.7	5.064487777777779	0.7586111111111111
171	a9/1636b2	45582217	seqtk (10)	COMPLETED	0	2025-03-08T21:55:45Z	46m 50s	46m 27s	650.0%	185 MB	792.8 MB	233.9 GB	164.4 GB	seqtk	2025-03-08T21:55:45Z	2787	2810	650	18115.5	0.1806640625	0.77421875	233.9	164.4	5.0320833333333335	0.7741666666666667
174	03/c4ff30	45582221	seqtk (13)	COMPLETED	0	2025-03-08T21:55:46Z	48m 35s	48m 14s	616.2%	205 MB	816.3 MB	199.2 GB	147.2 GB	seqtk	2025-03-08T21:55:46Z	2894	2915	616.2	17832.828	0.2001953125	0.79716796875	199.2	147.2	4.953563333333333	0.8038888888888889
175	e4/89438d	45582218	seqtk (14)	COMPLETED	0	2025-03-08T21:55:45Z	49m 30s	49m 7s	583.4%	203.4 MB	870.4 MB	195.2 GB	141.4 GB	seqtk	2025-03-08T21:55:45Z	2947	2970	583.4	17192.798	0.1986328125	0.85	195.2	141.4	4.775777222222222	0.8186111111111111
