Assembly	kmers_only_assembly	kmers_found_assembly	QV	Error	Dataset	Method
hapA.ont.bp.p_ctg	209743	3047660141	54.8448	3,28E-06	HG002	RFHap
hapB.ont.bp.p_ctg	517805	2978669641	50.8204	8,28E-06	HG002	RFHap
hapA.ont.bp.p_ctg	114642	3051079785	57.4732	1,79E-06	HG002	Hifiasm
hapB.ont.bp.p_ctg	110594	2944333939	57.4747	1,79E-06	HG002	Hifiasm
hapA.ont.bp.p_ctg	200546	3047336250	55.0391	3,13E-06	HG005	RFHap
hapB.ont.bp.p_ctg	325040	2997947840	52.8708	5,16E-06	HG005	RFHap
hapA.ont.bp.p_ctg	107912	3035890208	57.7143	1,69E-06	HG005	Hifiasm
hapB.ont.bp.p_ctg	113118	2932753066	57.3596	1,84E-06	HG005	Hifiasm
hapA.ont.bp.p_ctg	10293889	3072156109	37.9639	0,000159813	HG01109	RFHap
hapB.ont.bp.p_ctg	10514560	2959231248	37.7087	0,000169484	HG01109	RFHap
hapA.ont.bp.p_ctg	8564576	3028058890	38.7009	0,000134868	HG01109	Hifiasm
hapB.ont.bp.p_ctg	8250036	2925905543	38.7144	0,00013445	HG01109	Hifiasm
hapA.ont.bp.p_ctg	11531998	3065454387	37.4603	0,000179461	HG01243	RFHap
hapB.ont.bp.p_ctg	11388141	2957912079	37.3595	0,000183673	HG01243	RFHap
hapA.ont.bp.p_ctg	9812467	3025194769	38.1052	0,000154695	HG01243	Hifiasm
hapB.ont.bp.p_ctg	9244432	2918449984	38.2084	0,000151065	HG01243	Hifiasm